Fund,Object,Part I,Part XIII line 1,"Part XIII line 2, 3",Part XIII line 4,Part IX
11000,41110,T06,,,,
11000,41113,T06,,,,
11000,41114,T06,,,,
11000,41280,C13,,,,
11000,41310,A07,,,,
11000,41500,U22,,,,
11000,41510,U22,,,,
11000,41520,U22,,,,
11000,41532,U22,,,,
11000,41701,A13,,,,
11000,41702,A13,,,,
11000,41705,A13,,,,
11000,41706,A13,,,,
11000,41910,A40,,,,
11000,41911,A40,,,,
11000,41920,U50,,,,
11000,41921,U50,,,,
11000,41922,U50,,,,
11000,41923,U50,,,,
11000,41924,,,,,
11000,41953,U97,,,,
11000,41955,U97,,,,
11000,41980,C13,,,,
11000,43101,C01,,,,
11000,43104,C13,,,,
11000,43120,C13,,,,
11000,43202,C13,,,,
11000,43208,C13,,,,
11000,43212,C13,,,,
11000,43213,C13,,,,
11000,43214,C13,,,,
11000,43215,C13,,,,
11000,43216,C13,,,,
11000,44103,B10,,,,
11000,44107,B13,,,,
11000,44108,B13,,,,
11000,44204,U97,,,,
11000,44205,C20,,,,
11000,44709,B13,,,,
11000,45303,U11,,,,
11000,45304,U11,,,,
11000,46100,C20,,,,
11000,46300,U97,,,,
11000,46400,U97,,,,
12000,41500,U22,,,,
12000,41510,U22,,,,
12000,41520,U22,,,,
12000,41540,U22,,,,
12000,41910,A40,,,,
12000,41953,U97,,,,
12000,41980,U97,,,,
13000,41510,U22,,,,
13000,41520,U22,,,,
13000,41500,U22,,,,
13000,41953,U97,,,,
13000,41980,C12,,,,
13000,43104,C12,,,,
13000,43202,C12,,,,
13000,43206,C12,,,,
13000,45303,U11,,,,
13000,45304,C12,,,,
14000,41500,U22,,,,
14000,41510,U22,,,,
14000,41953,U97,,,,
14000,41980,C13,,,,
14000,43202,C13,,,,
15100,41500,U22,,,,
15100,41510,U22,,,,
15100,41532,U22,,,,
15100,41980,B10,,,,
15100,44103,B10,,,,
15200,41110,T06,,,,
15200,41113,T06,,,,
15200,41114,T06,,,,
15200,41280,U97,,,,
15200,41500,U22,,,,
15200,41510,U22,,,,
15200,41520,U22,,,,
15200,44204,U97,,,,
21000,41500,U22,,,,
21000,41510,U22,,,,
21000,41520,U22,,,,
21000,41603,A09,,,,
21000,41604,A09,,,,
21000,41605,A09,,,,
21000,41920,U50,,,,
21000,41953,U97,,,,
21000,41980,C25,,,,
21000,43203,C10,,,,
21000,43215,C25,,,,
21000,44500,C25,,,,
21000,44504,C25,,,,
21000,46004,C10,,,,
21100,41510,U22,,,,
21100,43203,C10,,,,
22000,41500,U22,,,,
22000,41510,U22,,,,
22000,41520,U22,,,,
22000,41701,A13,,,,
22000,41705,A13,,,,
22000,41920,U50,,,,
22000,41953,U97,,,,
22000,41980,U97,,,,
22000,43214,U97,,,,
23000,11111,,,,,
23000,11112,,,,,
23000,41500,U22,,,,
23000,41510,U22,,,,
23000,41520,U22,,,,
23000,41540,U22,,,,
23000,41701,A13,,,,
23000,41705,A13,,,,
23000,41920,U50,,,,
23000,41953,U97,,,,
23000,41980,U97,,,,
23000,43214,U97,,,,
23000,45303,U11,,,,
23000,45304,U11,,,,
24101,11112,,,,,
24101,41924,,,,,
24101,41980,C14,,,,
24101,44500,C14,,,,
24101,44504,C14,,,,
24103,41980,C14,,,,
24103,44500,C14,,,,
24103,44504,C14,,,,
24106,11112,,,,,
24106,41924,,,,,
24106,41980,C15,,,,
24106,43214,C20,,,,
24106,44500,C15,,,,
24106,44504,C15,,,,
24108,41980,C15,,,,
24109,11112,,,,,
24109,41924,,,,,
24109,41980,C15,,,,
24109,44500,C15,,,,
24109,44504,C15,,,,
24112,41980,C15,,,,
24112,44500,C15,,,,
24112,44504,C15,,,,
24113,11112,,,,,
24113,41980,C20,,,,
24113,44500,C20,,,,
24113,44504,C20,,,,
24115,41980,C15,,,,
24115,44500,C15,,,,
24115,44504,C15,,,,
24118,11112,,,,,
24118,41980,C25,,,,
24118,44500,C25,,,,
24118,44504,C25,,,,
24119,41980,C26,,,,
24119,44500,C26,,,,
24120,41980,C15,,,,
24120,44500,C14,,,,
24123,44500,C14,,,,
24124,41980,C14,,,,
24124,44500,C14,,,,
24124,44504,C14,,,,
24130,41980,C20,,,,
24130,44500,C20,,,,
24132,41980,C20,,,,
24132,44500,C20,,,,
24139,41980,C19,,,,
24139,44500,C19,,,,
24145,41980,C14,,,,
24145,44500,C14,,,,
24145,44504,C14,,,,
24146,41924,,,,,
24146,41980,C20,,,,
24146,44500,C20,,,,
24153,11112,,,,,
24153,41924,,,,,
24153,41980,B11,,,,
24153,43214,B11,,,,
24153,44500,B11,,,,
24153,44504,B11,,,,
24154,11112,,,,,
24154,41924,,,,,
24154,41980,C22,,,,
24154,44500,C22,,,,
24154,44504,C22,,,,
24160,41980,C27,,,,
24160,41924,,,,,
24160,44500,C27,,,,
24160,44504,C27,,,,
24163,41980,B11,,,,
24163,44500,B11,,,,
24171,41924,,,,,
24171,41980,C19,,,,
24171,44500,C19,,,,
24172,44500,C19,,,,
24174,41924,,,,,
24174,41980,C19,,,,
24174,44500,C19,,,,
24174,44504,C19,,,,
24175,44500,C19,,,,
24176,41924,,,,,
24176,41980,C19,,,,
24176,44500,C19,,,,
24176,44504,C19,,,,
24183,41980,C25,,,,
24183,44500,C25,,,,
24183,44504,C25,,,,
24184,41980,C20,,,,
24187,41980,C14,,,,
24187,44500,C14,,,,
24188,41980,C20,,,,
24188,44500,C25,,,,
24189,11112,,,,,
24189,41924,,,,,
24189,41980,C23,,,,
24189,44500,C23,,,,
24189,44504,C23,,,,
24190,41924,,,,,
24190,41980,C14,,,,
24190,44500,C14,,,,
24190,44504,C14,,,,
24191,41924,,,,,
24191,41980,C14,,,,
24191,44500,C14,,,,
24194,41980,C20,,,,
24194,44500,C20,,,,
24195,44500,C20,,,,
24196,41924,,,,,
24196,44500,C20,,,,
24301,11112,,,,,
24301,41500,U22,,,,
24301,41924,,,,,
24301,41980,C20,AR1,,,
24301,44500,C20,AR1,,,
24301,44504,C20,AR1,,,
24303,41980,C20,AR1,,,
24303,44500,C20,AR1,,,
24305,11112,,,,,
24305,41924,,,,,
24305,41980,C20,,,AR2,
24305,44500,C20,,,AR2,
24305,44504,C20,,,AR2,
24306,41924,,,,,
24306,41980,C20,,,AR2,
24306,44500,C20,,,AR2,
24306,44504,C20,,,AR2,
24307,41924,,,,,
24307,41980,C20,,,AR2,
24307,44500,C20,,,AR2,
24307,44504,C20,,,AR2,
24308,11112,,,,,
24308,41500,U22,,AR1A,,
24308,41510,U22,,,,
24308,41924,,,,,
24308,41980,C20,,AR1A,,
24308,44500,C20,,AR1A,,
24308,44504,C20,,AR1A,,
24309,41924,,,,,
24309,41980,C20,,AR1A,,
24309,44500,C20,,AR1A,,
24309,44504,C20,,AR1A,,
24310,41980,C20,,AR1A,,
24310,44500,C20,,AR1A,,
24310,44504,C20,,AR1A,,
24312,41924,,,,,
24312,44500,C20,,AR1A,,
24312,44504,C20,,AR1A,,
24316,11112,,,,,
24316,41924,,,,,
24316,41980,C20,,AR1A,,
24316,44500,C20,,AR1A,,
24316,44504,C20,,AR1A,,
24330,11112,,,,,
24330,41924,,,,,
24330,41980,C20,,AR1A,,
24330,44500,C20,,AR1A,,
24330,44504,C20,,AR1A,,
24332,41980,C20,,,,
24332,44500,C20,,AR1B,,
24332,44504,C20,,,,
24333,41924,,,,,
24333,41980,C20,,AR1B,,
24333,43202,B13,,,,
24333,44500,C20,,AR1B,,
24333,44504,C20,,AR1B,,
24339,41980,C20,,AR1B,,
24339,44500,C20,,AR1B,,
24339,44504,C20,,AR1B,,
24341,41924,,,,,
24341,41980,C20,,AR1B,,
24341,44500,C20,,AR1B,,
24341,44504,C20,,,,
24342,41924,,,,,
24342,41980,C20,,AR1B,,
24342,44500,C20,,AR1B,,
24344,44500,C20,,AR1B,,
24346,11112,,,,,
24346,41924,,,,,
24346,41980,C20,,,,
24346,44500,C20,,AR1B,,
24346,44504,C20,,AR1B,,
24349,41980,C20,,,,
24349,44500,C20,,AR1B,,
24349,44504,C20,,AR1B,,
24350,11112,,,,,
24350,41980,C20,,AR1B,,
24350,44500,C20,,AR1A,,
24350,44504,C20,,AR1A,,
24355,11112,,,,,
24355,41980,C20,,AR1B,,
24355,44500,C20,,AR1B,,
24355,44504,C20,,AR1B,,
25112,44301,B13,,,,
25115,44301,B10,,,,
25122,44301,B13,,,,
25127,41980,B13,,,,
25127,44301,B13,,,,
25127,45304,C20,,,,
25129,41980,B13,,,,
25129,44301,B13,,,,
25131,41980,B13,,,,
25131,44301,B13,,,,
25141,44301,B13,,,,
25145,41924,,,,,
25145,44301,B10,,,,
25146,41980,B13,,,,
25146,44301,B13,,,,
25147,41924,,,,,
25147,41980,B10,,,,
25147,44301,B10,,,,
25150,41980,B13,,,,
25150,44301,B13,,,,
25152,41980,B13,,,,
25152,44301,B13,,,,
25152,43214,B13,,,,
25153,11112,,,,,
25153,41500,U22,,,,
25153,41510,U22,,,,
25153,41980,B10,,,,
25153,43214,B10,,,,
25153,44301,B13,,,,
25153,44504,C20,,,,
25157,44301,B13,,,,
25171,44301,B13,,,,
25179,44301,B13,,,,
25180,44301,B13,,,,
25181,44301,B13,,,,
25183,44301,B13,,,,
25184,41980,B12,,,,
25184,44301,B12,,,,
25184,44504,B12,,,,
25194,44301,B13,,,,
25200,41980,B13,,,,
25200,44301,B13,,,,
25201,44301,B12,,,,
25204,44301,B13,,,,
25205,41980,B13,,,,
25205,43203,C13,,,,
25205,44301,B13,,,,
25208,41980,B13,,,,
25208,44301,B13,,,,
25211,44301,B13,,,,
25222,44301,B13,,,,
25232,44301,B13,,,,
25233,41980,B14,,,,
25233,43214,B14,,,,
25233,44301,B14,,,,
25238,41980,B13,,,,
25238,43214,B13,,,,
25247,44301,B13,,,,
25248,44301,B12,,,,
25254,44301,B13,,,,
25265,44301,B13,,,,
25266,43203,C13,,,,
25267,44301,B13,,,,
25268,44301,B13,,,,
25269,44301,B13,,,,
25270,44301,B13,,,,
25271,43214,B13,,,,
25271,44301,B13,,,,
25272,44301,B13,,,,
25273,43202,C20,,,,
25273,44301,B13,,,,
25274,44301,B13,,,,
25275,44301,B13,,,,
25276,44301,B13,,,,
25277,44301,B13,,,,
26102,41921,U50,,,,
26102,41922,U50,,,,
26103,41921,U50,,,,
26103,41980,U97,,,,
26107,41510,U22,,,,
26107,41921,U50,,,,
26107,41922,U50,,,,
26107,41923,U50,,,,
26107,41955,U97,,,,
26107,41980,U97,,,,
26107,43214,U97,,,,
26109,41921,U50,,,,
26109,41980,U97,,,,
26111,41921,U50,,,,
26111,41923,U50,,,,
26113,41921,U50,,,,
26113,41922,U50,,,,
26113,41923,U50,,,,
26116,41921,U50,,,,
26116,41922,U50,,,,
26118,41921,U50,,,,
26121,43214,U97,,,,
26121,41510,U22,,,,
26121,41921,U50,,,,
26121,41922,U50,,,,
26123,41922,U50,,,,
26123,41510,U22,,,,
26123,41921,U50,,,,
26125,11112,,,,,
26127,41922,U50,,,,
26141,41920,U50,,,,
26141,41921,U50,,,,
26141,41980,U97,,,,
26143,41920,U50,,,,
26143,41921,U50,,,,
26146,41922,U50,,,,
26156,41921,U50,,,,
26157,41922,U50,,,,
26157,41980,U97,,,,
26159,43214,U97,,,,
26161,41921,U50,,,,
26161,41980,U97,,,,
26163,41500,U22,,,,
26171,41922,U50,,,,
26177,43214,U97,,,,
26184,41921,U50,,,,
26186,41921,U50,,,,
26186,41980,U97,,,,
26186,43214,U97,,,,
26187,41921,U50,,,,
26187,41922,U50,,,,
26187,41923,U50,,,,
26189,41921,U50,,,,
26191,41921,U50,,,,
26191,41922,U50,,,,
26195,41921,U50,,,,
26198,41921,U50,,,,
26199,41921,U50,,,,
26199,41922,U50,,,,
26200,41921,U50,,,,
26200,41922,U50,,,,
26204,41115,T99,,,,
26204,41500,U22,,,,
26204,41510,U22,,,,
26204,41921,U50,,,,
26204,41922,U50,,,,
26204,41923,U50,,,,
26204,41980,U97,,,,
26205,41921,U50,,,,
26207,41921,U50,,,,
26207,41922,U50,,,,
26210,41921,U50,,,,
26214,41922,U50,,,,
26218,41922,U50,,,,
26218,41510,U22,,,,
26218,41980,U97,,,,
26219,41921,U50,,,,
26220,41920,U50,,,,
26220,41921,U50,,,,
26220,43214,U97,,,,
26221,41920,U50,,,,
26222,41980,U97,,,,
26222,43214,U97,,,,
26222,46100,B13,,,,
26224,41920,U50,,,,
26233,41920,U50,,,,
26244,41920,U50,,,,
26244,41921,U50,,,,
26244,41922,U50,,,,
27101,41500,U22,,,,
27101,41510,U22,,,,
27101,41955,U97,,,,
27101,41980,C13,,,,
27101,43202,C13,,,,
27101,43212,C13,,,,
27101,43213,C13,,,,
27101,43214,C13,,,,
27101,43215,C13,,,,
27101,43216,C13,,,,
27101,44107,B13,,,,
27101,44205,C20,,,,
27101,45303,U11,,,,
27103,41980,C13,,,,
27103,43202,C13,,,,
27107,11112,,,,,
27107,41980,C13,,,,
27107,43202,C13,,,,
27107,43204,C13,,,,
27109,11112,,,,,
27109,41500,U22,,,,
27109,41510,U22,,,,
27109,41980,C13,,,,
27109,43202,C13,,,,
27109,43207,C13,,,,
27109,43211,C13,,,,
27114,11112,,,,,
27114,41980,C13,,,,
27114,43202,C13,,,,
27114,43204,C13,,,,
27117,43202,C13,,,,
27118,41980,C13,,,,
27118,43202,C12,,,,
27118,43204,C13,,,,
27121,11112,,,,,
27121,41980,C12,,,,
27121,43202,C12,,,,
27121,43204,C12,,,,
27123,43202,C09,,,,
27123,43204,C09,,,,
27126,11112,,,,,
27126,41924,,,,,
27126,41980,C13,,,,
27126,43202,C13,,,,
27126,43204,C13,,,,
27127,11112,,,,,
27127,41924,,,,,
27127,41980,C13,,,,
27127,43202,C13,,,,
27127,43204,C13,,,,
27130,41924,,,,,
27130,41980,C13,,,,
27130,43202,C13,,,,
27130,43204,C13,,,,
27131,43202,C13,,,,
27131,43204,C13,,,,
27133,43204,C13,,,,
27134,43202,C13,,,,
27135,43202,C09,,,,
27135,43204,C09,,,,
27136,43202,C13,,,,
27141,41980,C13,,,,
27149,11112,,,,,
27149,41924,,,,,
27149,41980,C13,,,,
27149,43202,C13,,,,
27149,43204,C13,,,,
27149,43214,C13,,,,
27150,41980,C13,,,,
27150,43202,C13,,,,
27150,43204,C13,,,,
27151,41980,C13,,,,
27151,43202,C13,,,,
27151,43204,C13,,,,
27152,43202,C12,,,,
27153,11112,,,,,
27153,43202,C12,,,,
27155,11112,,,,,
27155,41980,C13,,,,
27155,43202,C10,,,,
27155,43204,C10,,,,
27166,41980,C13,,,,
27166,43202,C13,,,,
27168,43202,C13,,,,
27178,11112,,,,,
27178,41980,C12,,,,
27178,43202,C12,,,,
27178,43204,C13,,,,
27183,11112,,,,,
27183,41980,C13,,,,
27183,43202,C13,,,,
27183,43204,C13,,,,
27185,43202,C13,,,,
27197,43202,C13,,,,
27198,41980,C13,,,,
27198,43202,C13,,,,
27199,41924,,,,,
27199,41980,C13,,,,
27199,43202,C13,,,,
27199,43204,C13,,,,
27200,41955,U97,,,,
27200,41980,C13,,,,
27200,43202,C13,,,,
27200,43204,C13,,,,
27200,43214,C13,,,,
27201,41980,C13,,,,
27201,43202,C13,,,,
27201,43204,C13,,,,
27202,43202,C13,,,,
27202,43204,C13,,,,
27400,43202,C13,,,,
27400,43204,C13,,,,
27400,43215,C13,,,,
27405,43202,C12,,,,
27405,43204,C13,,,,
27406,41980,C13,,,,
27406,43202,C13,,,,
27406,43204,C13,,,,
27407,11112,,,,,
27407,41980,C13,,,,
27407,43202,C13,,,,
27407,43204,C13,,,,
27408,41980,C13,,,,
27408,11112,,,,,
27408,43202,C13,,,,
27408,43204,C13,,,,
27409,43202,C13,,,,
27411,43202,C07,,,,
27412,41924,,,,,
27412,41980,C13,,,,
27412,43202,C13,,,,
27412,43204,C13,,,,
27414,41980,C13,,,,
27414,43202,C12,,,,
27414,43204,C13,,,,
27415,43202,C12,,,,
27416,43202,C12,,,,
27502,41924,,,,,
27502,43202,C09,,,,
27502,43204,C09,,,,
27504,43204,C13,,,,
27505,43204,C13,,,,
27506,43204,C13,,,,
27507,41980,C09,,,,
27507,43202,C09,,,,
27508,43202,C09,,,,
27513,43202,C13,,,,
27514,43202,C13,,,,
27516,41980,C13,,,,
27516,43202,C13,,,,
27516,43204,C13,,,,
27517,43202,C13,,,,
27524,43202,C13,,,,
27539,43202,C13,,,,
27541,43202,C13,,,,
27543,43202,C13,,,,
27545,43202,C13,,,,
27550,43202,C09,,,,
27552,41980,C13,,,,
27552,43202,C13,,,,
27552,43204,C13,,,,
27553,43202,C13,,,,
27569,43202,C13,,,,
27572,43202,C13,,,,
27575,43202,C13,,,,
27583,43202,C13,,,,
27584,43202,C13,,,,
27588,43202,C13,,,,
27901,43202,C13,,,,
27902,43202,C13,,,,
27903,43202,C13,,,,
27905,43202,C13,,,,
27906,43202,C13,,,,
27909,43202,C13,,,,
28105,41980,C13,,,,
28105,43203,C13,,,,
28108,43203,C13,,,,
28120,41500,U22,,,,
28120,41520,U22,,,,
28120,43203,C13,,,,
28120,43214,C13,,,,
28122,41980,C13,,,,
28122,43203,C13,,,,
28127,43203,C10,,,,
28131,41980,C13,,,,
28131,43203,C13,,,,
28133,41980,C13,,,,
28133,43203,C13,,,,
28137,43203,C13,,,,
28140,41500,U22,,,,
28140,41510,U22,,,,
28142,41980,C13,,,,
28142,43203,C13,,,,
28143,43203,C13,,,,
28144,41500,U22,,,,
28144,41510,U22,,,,
28144,43203,C13,,,,
28145,43203,C13,,,,
28146,43203,C13,,,,
28147,43203,C13,,,,
28155,41980,C13,,,,
28155,43203,C13,,,,
28158,43203,C13,,,,
28177,43203,C13,,,,
28182,43203,C13,,,,
28189,41500,U22,,,,
28189,41510,U22,,,,
28189,41980,C13,,,,
28189,43203,C13,,,,
28189,46300,U97,,,,
28190,41980,C13,,,,
28190,43203,C13,,,,
28193,43203,C13,,,,
28195,41500,U22,,,,
28195,41980,C13,,,,
28195,43203,C13,,,,
28199,41980,C13,,,,
28199,43203,C13,,,,
28201,41980,C10,,,,
28201,43203,C10,,,,
28202,43202,C13,,,,
28203,41980,C13,,,,
28203,43203,C13,,,,
28204,43203,C13,,,,
28205,41980,C13,,,,
28205,43203,C13,,,,
28206,43203,C13,,,,
28207,41980,C13,,,,
28207,43203,C13,,,,
28208,41500,U22,,,,
28208,41520,U22,,,,
28208,41980,C13,,,,
28208,43203,C13,,,,
28209,43203,C13,,,,
28210,41510,U22,,,,
28210,41980,C13,,,,
28210,43203,C13,,,,
28211,41500,U22,,,,
28211,41510,U22,,,,
28211,41520,U22,,,,
28211,41920,U50,,,,
28211,41980,C13,,,,
28211,43203,C13,,,,
28211,43212,C13,,,,
28211,43214,C13,,,,
28212,43203,C13,,,,
28213,43203,C13,,,,
28213,43214,C13,,,,
28214,43203,C13,,,,
28215,41980,C13,,,,
28215,43203,C13,,,,
28217,43203,C10,,,,
28218,43203,C13,,,,
28220,43204,C13,,,,
28221,43203,C13,,,,
28222,43203,C13,,,,
28223,43213,C13,,,,
29101,41922,U50,,,,
29101,41923,U50,,,,
29102,11112,,,,,
29102,41500,U22,,,,
29102,41510,U22,,,,
29102,41520,U22,,,,
29102,41920,U50,,,,
29102,41921,U50,,,,
29102,41922,U50,,,,
29102,41923,U50,,,,
29102,41980,U50,,,,
29102,43203,C13,,,,
29102,43214,U97,,,,
29102,43215,C13,,,,
29107,41921,U50,,,,
29107,41922,U50,,,,
29107,41923,U50,,,,
29107,41980,U97,,,,
29107,43214,U97,,,,
29114,41510,U22,,,,
29114,41920,U50,,,,
29114,41921,U50,,,,
29115,41923,U50,,,,
29130,11112,,,,,
29130,41500,U22,,,,
29130,41510,U22,,,,
29130,41923,U50,,,,
29130,43203,C13,,,,
29131,41510,U22,,,,
29131,43203,C13,,,,
29131,43214,C13,,,,
29134,41280,U97,,,,
29134,41500,U22,,,,
29134,41510,U22,,,,
29134,41980,U97,,,,
29135,11112,,,,,
29135,41280,U97,,,,
29135,41500,U22,,,,
29135,41510,U22,,,,
29135,41520,U22,,,,
29135,41980,U97,,,,
29135,46300,U97,,,,
29138,41921,U50,,,,
29138,41922,U50,,,,
29138,41923,U50,,,,
29138,41980,U97,,,,
29138,44301,U97,,,,
31100,41500,U22,,,,
31100,41510,U22,,,,
31100,41520,U22,,,,
31100,41532,U22,,,,
31100,41540,U22,,,,
31100,41953,U97,,,,
31100,41980,C11,,,,
31100,43215,C11,,,,
31100,45110,21F,,,,
31100,45114,U97,,,,
31120,41500,U22,,,,
31120,41510,U22,,,,
31120,45110,21F,,,,
31200,41500,U22,,,,
31200,41510,U22,,,,
31200,41520,U22,,,,
31200,41980,C11,,,,
31200,43209,C11,,,,
31200,43214,C11,,,,
31200,43215,C11,,,,
31300,41500,U22,,,,
31300,41510,U22,,,,
31300,41911,A40,,,,
31300,41920,U50,,,,
31300,41931,U11,,,,
31300,41953,U97,,,,
31300,41980,C11,,,,
31300,43214,C11,,,,
31300,43215,C11,,,,
31300,45303,U11,,,,
31400,41980,C11,,,,
31400,43202,C11,,,,
31400,43204,C11,,,,
31400,43210,C11,,,,
31400,43215,C11,,,,
31500,44306,B13,,,,
31600,41110,T06,,,,
31600,41113,T06,,,,
31600,41114,T06,,,,
31600,41500,U22,,,,
31600,41510,U22,,,,
31600,41532,U22,,,,
31600,41953,U97,,,,
31600,41980,C11,,,,
31600,43215,C11,,,,
31600,45304,C11,,,,
31700,41110,T06,,,,
31700,41500,U22,,,,
31700,41980,C11,,,,
31700,43202,C11,,,,
31700,43204,C11,,,,
31701,41110,T06,,,,
31701,41113,T06,,,,
31701,41114,T06,,,,
31701,41115,T06,,,,
31701,41280,C11,,,,
31701,41500,U22,,,,
31701,41510,U22,,,,
31701,41520,U22,,,,
31701,41532,U22,,,,
31701,41924,,,,,
31701,41953,U97,,,,
31701,41980,C11,,,,
31701,43215,C11,,,,
31701,45304,C11,,,,
31703,41500,U22,,,,
31703,41510,U22,,,,
31703,41520,U22,,,,
31703,43202,C11,,,,
31703,43204,C11,,,,
31900,41115,T99,,,,
31900,41500,U22,,,,
31900,41510,U22,,,,
31900,41520,U22,,,,
31900,41980,C11,,,,
31900,43214,C11,,,,
31900,43215,C11,,,,
31900,45110,21F,,,,
31900,45114,U97,,,,
31900,46100,C11,,,,
31900,46300,U97,,,,
32100,41500,U22,,,,
32100,41510,U22,,,,
32100,43209,C11,,,,
41000,41110,T06,,,,
41000,41113,T06,,,,
41000,41114,T06,,,,
41000,41115,T99,,,,
41000,41500,U22,,,,
41000,41510,U22,,,,
41000,41520,U22,,,,
41000,41532,U22,,,,
41000,44105,B13,,,,
41000,45114,U97,,,,
41000,45120,C11,,,,
41000,46400,U97,,,,
41200,41500,U22,,,,
41200,41510,U22,,,,
41800,41115,T99,,,,
41800,41500,U22,,,,
41800,41510,U22,,,,
42000,41500,U22,,,,
42000,41510,U22,,,,
42000,46003,U97,,,,
43000,41110,T06,,,,
43000,41113,T06,,,,
43000,41114,T06,,,,
43000,41500,U22,,,,
43000,41510,U22,,,,
43000,41520,U22,,,,
43000,43214,C11,,,,
43000,45114,U97,,,,
43000,45120,C11,,,,
60000,41701,A13,,,,
60000,41705,A13,,,,
60000,41910,A40,,,,
60000,41920,U50,,,,
60010,41920,U50,,,,
60050,41705,A13,,,,
60200,41701,A13,,,,
60200,41705,A13,,,,
60250,41910,A40,,,,
60300,41920,U50,,,,
27512,43202,C13,,,,
27528,43202,C13,,,,
25282,44301,B13,,,,
24194,44504,C20,,,,
27416,43204,C13,,,,
27540,43202,C13,,,,
25205,43214,B13,,,,
27533,43202,C13,,,,
27901,43204,C13,,,,
27583,43204,C13,,,,
27570,43204,C13,,,,
27523,43202,C13,,,,
28151,43203,C13,,,,
24119,44504,C26,,,,
21100,41980,C10,,,,
27536,43202,C13,,,,
25225,44301,B13,,,,
24196,44504,C20,,,,
27906,43204,C13,,,,
27583,41980,C13,,,,
27589,43202,C13,,,,
25279,44301,B13,,,,
27588,43204,C13,,,,
27575,43204,C13,,,,
27551,43202,C13,,,,
25278,44301,B13,,,,
27503,43202,C13,,,,
25211,41980,B13,,,,
27572,43204,C13,,,,
27518,43202,C13,,,,
31701,43214,C11,,,,
27515,43202,C13,,,,
27590,43204,C13,,,,
25146,43214,B13,,,,
28102,43203,C13,,,,
28221,41980,C13,,,,
27571,43204,C13,,,,
27589,43204,C13,,,,
27901,41980,C13,,,,
27568,43202,C13,,,,
27413,43202,C13,,,,
27554,43202,C13,,,,
24123,44504,C20,,,,
27502,41980,C13,,,,
27519,43202,C13,,,,
27574,43202,C13,,,,
25171,41980,B13,,,,
27575,41980,C13,,,,
27906,41980,C13,,,,
28224,43203,C13,,,,
24198,44500,C20,,,,
27591,43202,C13,,,,
27534,43202,C13,,,,
28225,43203,C13,,,,
27580,43202,C13,,,,
24197,44500,C20,,,,
27416,41980,C13,,,,
27589,41980,C13,,,,
27548,43202,C13,,,,
31900,41953,U97,,,,
27501,43202,C13,,,,
27413,43204,C13,,,,
27584,41980,C13,,,,
29128,41920,U50,,,,
31200,46300,U97,,,,
28101,43203,C13,,,,
31100,46300,U97,,,,
25266,44301,B13,,,,
28210,43214,C13,,,,
31703,41980,C11,,,,
24183,41924,,,,,
25281,43203,C13,,,,
24198,41924,,,,,
27536,43204,C13,,,,
25171,43214,B13,,,,
27405,41980,C13,,,,
31500,41510,U22,,,,
31600,41280,C11,,,,
15200,41980,U97,,,,
27202,41980,C13,,,,
27400,41980,C13,,,,
60000,41953,U50,,,,
60000,41510,U22,,,,
24106,44205,U97,,,,
27101,41953,C13,,,,
13000,43214,C12,,,,
27101,41910,C13,,,,
11000,41530,U22,,,,
41000,41280,U97,,,,
13000,43210,C12,,,,
15100,41540,U22,,,,
25147,46300,U97,,,,
31701,46400,U97,,,,
27101,41922,C13,,,,
